job_link,job_title,company,job_location,parse_method
https://www.linkedin.com/jobs/view/jde-business-analyst-supply-chain-at-laticrete-international-3793421130,JDE Business Analyst (Supply Chain),LATICRETE International,Oklahoma City Metropolitan Area,non_us_or_metro
https://www.linkedin.com/jobs/view/senior-business-analyst-remote-at-carefirst-bluecross-blueshield-3780246632,Senior Business Analyst (Remote),CareFirst BlueCross BlueShield,Washington DC-Baltimore Area,non_us_or_metro
https://www.linkedin.com/jobs/view/servicenow-lead-at-new-mexico-bank-trust-a-division-of-htlf-bank-3801139065,ServiceNow Lead,"New Mexico Bank & Trust, a division of HTLF Bank","Rochester-Austin, Minnesota Area",non_us_or_metro
https://www.linkedin.com/jobs/view/strategic-sourcing-program-manager-at-us-tech-solutions-3799309667,Strategic Sourcing Program Manager,US Tech Solutions,San Francisco Bay Area,non_us_or_metro
https://www.linkedin.com/jobs/view/it-business-analyst-at-insight-global-3799982073,IT Business Analyst,Insight Global,Oklahoma City Metropolitan Area,non_us_or_metro
https://www.linkedin.com/jobs/view/ncdhhs-pbm-business-project-manager-at-changing-technologies-inc-3770540187,NCDHHS PBM Business Project  Manager,"Changing Technologies, Inc.","Greater Jacksonville, NC Area",non_us_or_metro
https://www.linkedin.com/jobs/view/prime-vendor-analyst-at-medline-industries-lp-3805432557,Prime Vendor Analyst,"Medline Industries, LP",Greater Cleveland,non_us_or_metro
https://www.linkedin.com/jobs/view/ae-merchandising-team-leader-assistant-manager-us-at-american-eagle-outfitters-inc-3803383373,AE - Merchandising Team Leader (Assistant Manager) - US,AMERICAN EAGLE OUTFITTERS INC.,Greater Tuscaloosa Area,non_us_or_metro
https://www.linkedin.com/jobs/view/senior-manager-sales-business-development-at-ttg-talent-solutions-3790275895,Senior Manager Sales Business Development,ttg Talent Solutions,Miami-Fort Lauderdale Area,non_us_or_metro
https://www.linkedin.com/jobs/view/corporate-assistant-financial-controller-at-potawatomi-casino-hotel-3780652242,Corporate Assistant Financial Controller,Potawatomi Casino Hotel,Greater Milwaukee,non_us_or_metro
https://www.linkedin.com/jobs/view/sr-software-engineer-risk-fraud-applications-at-dice-3772565431,Sr. Software Engineer- Risk/Fraud Applications,Dice,United States,us_no_state
https://www.linkedin.com/jobs/view/business-analyst-401k-at-dice-3804441263,Business Analyst - 401k,Dice,United States,us_no_state
https://www.linkedin.com/jobs/view/strategic-account-executive-at-covetrus-3769527743,Strategic Account Executive,Covetrus,Greater Rockford Area,non_us_or_metro
https://www.linkedin.com/jobs/view/it-product-owner-at-new-york-city-housing-development-corporation-3800269903,IT Product Owner,New York City Housing Development Corporation,New York City Metropolitan Area,non_us_or_metro
https://www.linkedin.com/jobs/view/business-process-engineer-at-jmj-phillip-group-3802312533,Business Process Engineer,JMJ Phillip Group,Greater Houston,non_us_or_metro
https://www.linkedin.com/jobs/view/consultant-last-planner-sme-at-pyrovio-3665601204,Consultant - Last Planner SME,Pyrovio,United States,us_no_state
https://www.linkedin.com/jobs/view/agile-architect-at-dice-3790738556,Agile Architect,Dice,United States,us_no_state
https://www.linkedin.com/jobs/view/store-manager-perry-ellis-at-perry-ellis-international-3788935212,Store Manager - Perry Ellis,Perry Ellis International,Nashville Metropolitan Area,non_us_or_metro
https://www.linkedin.com/jobs/view/solutions-architect-at-dice-3804439498,Solutions Architect,Dice,United States,us_no_state
https://www.linkedin.com/jobs/view/client-services-representative-at-bernard-nickels-associates-3798837271,Client Services Representative,Bernard Nickels & Associates,New York City Metropolitan Area,non_us_or_metro
https://www.linkedin.com/jobs/view/rental-manager-at-tec-equipment-3775551949,Rental Manager,TEC Equipment,Greater Sacramento,non_us_or_metro
https://www.linkedin.com/jobs/view/information-technology-manager-at-bridgeway-capital-3795153983,Information Technology Manager,Bridgeway Capital,Greater Pittsburgh Region,non_us_or_metro
https://www.linkedin.com/jobs/view/due-diligence-compliance-analyst-at-advisors-excel-3765374008,Due Diligence Compliance Analyst,Advisors Excel,Topeka Metropolitan Area,non_us_or_metro
https://www.linkedin.com/jobs/view/business-analyst-at-corient-3787328767,Business Analyst,Corient,New York City Metropolitan Area,non_us_or_metro
https://www.linkedin.com/jobs/view/lead-account-manager-at-ascendion-3799954530,Lead Account Manager,Ascendion,"Austin, Texas Metropolitan Area",non_us_or_metro
https://www.linkedin.com/jobs/view/business-analyst-ii-encounter-operations-at-magellan-health-3802876797,Business Analyst II - Encounter Operations,Magellan Health,United States,us_no_state
https://www.linkedin.com/jobs/view/supplier-diversity-data-administrator-at-louisville-msd-3801112050,Supplier Diversity Data Administrator,Louisville MSD,Louisville Metropolitan Area,non_us_or_metro
https://www.linkedin.com/jobs/view/assistant-manager-operations-at-world-market-3793750234,Assistant Manager: Operations,World Market,"Charleston, South Carolina Metropolitan Area",non_us_or_metro
https://www.linkedin.com/jobs/view/contracts-manager-at-rockefeller-philanthropy-advisors-3790971453,Contracts Manager,Rockefeller Philanthropy Advisors,United States,us_no_state
https://www.linkedin.com/jobs/view/management-consulting-at-jabian-consulting-3596807729,Management Consulting,Jabian Consulting,Atlanta Metropolitan Area,non_us_or_metro
https://www.linkedin.com/jobs/view/technical-writer-at-system-soft-technologies-3798350986,Technical Writer,System Soft Technologies,"Columbia, South Carolina Metropolitan Area",non_us_or_metro
https://www.linkedin.com/jobs/view/business-analyst-uat-tester-supply-chain-finance-at-dice-3802938622,Business Analyst -UAT Tester-Supply Chain Finance,Dice,United States,us_no_state
https://www.linkedin.com/jobs/view/senior-financial-analyst-at-gateway-group-personnel-3784036477,Senior Financial Analyst,Gateway Group Personnel,Memphis Metropolitan Area,non_us_or_metro
https://www.linkedin.com/jobs/view/regional-account-manager-southern-california-at-soligent-3799516367,Regional Account Manager- Southern California,Soligent,United States,us_no_state
https://www.linkedin.com/jobs/view/business-analyst-technical-writer-at-systemtec-3782268026,Business Analyst/Technical Writer,SYSTEMTEC,"Columbia, South Carolina Metropolitan Area",non_us_or_metro
https://www.linkedin.com/jobs/view/investor-relations-analyst-at-cantor-fitzgerald-3786737121,Investor Relations Analyst,Cantor Fitzgerald,New York City Metropolitan Area,non_us_or_metro
https://ca.linkedin.com/jobs/view/finance-senior-financial-analyst-corporate-finance-at-aritzia-3801122460,"Finance - Senior Financial Analyst, Corporate Finance",Aritzia,"Vancouver, British Columbia, Canada",non_us_or_metro
https://www.linkedin.com/jobs/view/business-analyst-iii-at-hatchworks-3752043063,Business Analyst III,HatchWorks,United States,us_no_state
https://www.linkedin.com/jobs/view/business-product-analyst-%23-24-00251-at-hiretalent-diversity-staffing-recruiting-firm-3804437331,Business/Product Analyst #: 24-00251,HireTalent - Diversity Staffing & Recruiting Firm,United States,us_no_state
https://www.linkedin.com/jobs/view/business-analyst-at-dice-3804436917,Business Analyst,Dice,United States,us_no_state
https://www.linkedin.com/jobs/view/oracle-business-analyst-at-atlantic-group-3771897998,Oracle Business Analyst,Atlantic Group,United States,us_no_state
https://www.linkedin.com/jobs/view/management-consulting-at-jabian-consulting-3596297533,Management Consulting,Jabian Consulting,Dallas-Fort Worth Metroplex,non_us_or_metro
https://www.linkedin.com/jobs/view/business-analyst-at-engage-partners-inc-3795505089,Business Analyst,Engage Partners Inc.,New York City Metropolitan Area,non_us_or_metro
https://www.linkedin.com/jobs/view/business-analysis-senior-advisor-at-dice-3795510328,Business Analysis Senior Advisor,Dice,United States,us_no_state
https://www.linkedin.com/jobs/view/sales-account-manager-at-accupac-3785827014,Sales Account Manager,Accupac,Greater Philadelphia,non_us_or_metro
https://www.linkedin.com/jobs/view/rare-disease-account-manager-%E2%80%93-oncology-at-recordati-rare-diseases-north-america-3795137449,Rare Disease Account Manager – Oncology,Recordati Rare Diseases North America,"Columbia, South Carolina Metropolitan Area",non_us_or_metro
https://www.linkedin.com/jobs/view/management-consulting-at-jabian-consulting-3791789187,Management Consulting,Jabian Consulting,Greater Houston,non_us_or_metro
https://www.linkedin.com/jobs/view/business-analyst-ii-%23-23-06156-at-hiretalent-diversity-staffing-recruiting-firm-3755164009,Business Analyst-II #: 23-06156,HireTalent - Diversity Staffing & Recruiting Firm,United States,us_no_state
https://www.linkedin.com/jobs/view/project-manager-at-alerus-3798843751,Project Manager,Alerus,Greater Minneapolis-St. Paul Area,non_us_or_metro
https://www.linkedin.com/jobs/view/workday-functional-consultant-at-diverse-lynx-3764428088,Workday functional consultant,Diverse Lynx,Buffalo-Niagara Falls Area,non_us_or_metro
https://www.linkedin.com/jobs/view/prouction-manager-consulting-at-db-a-dewolff-boberg-associates-inc-3735995245,Prouction Manager (Consulting),"DB&A - DeWolff, Boberg & Associates, Inc","San Antonio, Texas Metropolitan Area",non_us_or_metro
https://www.linkedin.com/jobs/view/commercial-lending-business-analysts-at-dice-3802123862,Commercial Lending Business Analysts,Dice,United States,us_no_state
https://www.linkedin.com/jobs/view/manager-automation-analysis-virtual-at-stride-inc-3801340728,"Manager, Automation Analysis (Virtual)","Stride, Inc.",United States,us_no_state
https://www.linkedin.com/jobs/view/director-of-financial-planning-and-analysis-at-the-barcode-group-3760308694,Director of Financial Planning and Analysis,The Barcode Group,Greater Minneapolis-St. Paul Area,non_us_or_metro
https://www.linkedin.com/jobs/view/data-quality-business-analyst-at-new-york-ehealth-collaborative-3802345222,Data Quality Business Analyst,New York eHealth Collaborative,New York City Metropolitan Area,non_us_or_metro
https://www.linkedin.com/jobs/view/lead-it-analyst-encounters-data-management-at-sentara-health-3696903555,Lead IT Analyst-Encounters Data Management,Sentara Health,Greater Richmond Region,non_us_or_metro
https://www.linkedin.com/jobs/view/sr-software-engineer-at-brooksource-3785619909,Sr. Software Engineer,Brooksource,Nashville Metropolitan Area,non_us_or_metro
https://www.linkedin.com/jobs/view/director-of-revenue-operations-at-synctera-3795170151,Director of Revenue Operations,Synctera,United States,us_no_state
https://www.linkedin.com/jobs/view/technical-writer-business-analyst-onsite-at-tm-floyd-company-tmf-3794633014,Technical Writer/Business Analyst (Onsite),TM Floyd & Company (TMF),"Columbia, South Carolina Metropolitan Area",non_us_or_metro
https://www.linkedin.com/jobs/view/senior-equity-analyst-at-windancer-holdings-llc-3786111863,Senior Equity Analyst,"Windancer Holdings, LLC",Cincinnati Metropolitan Area,non_us_or_metro
https://www.linkedin.com/jobs/view/business-analyst-at-dice-3804440196,Business Analyst,Dice,United States,us_no_state
https://www.linkedin.com/jobs/view/senior-financial-planning-analyst-at-carolina-prg-3797452885,Senior Financial Planning Analyst,CAROLINA PRG,Charlotte Metro,non_us_or_metro
https://www.linkedin.com/jobs/view/financial-planning-and-analysis-specialist-at-%2430b-aum-real-estate-firm-3802103648,Financial Planning and Analysis Specialist,$30B AUM Real Estate Firm,New York City Metropolitan Area,non_us_or_metro
https://www.linkedin.com/jobs/view/analyst-fashion-erp-software-at-tivella-3746776463,Analyst (Fashion ERP Software),Tivella,United States,us_no_state
https://www.linkedin.com/jobs/view/apps-script-business-analyst-at-onix-3782352756,Apps Script Business Analyst,Onix,United States,us_no_state
https://www.linkedin.com/jobs/view/business-development-executive-bfsi-at-softserve-3628863410,Business Development Executive - BFSI,SoftServe,New York City Metropolitan Area,non_us_or_metro
https://www.linkedin.com/jobs/view/senior-business-analyst-at-robert-half-3791795555,Senior Business Analyst,Robert Half,New York City Metropolitan Area,non_us_or_metro
https://www.linkedin.com/jobs/view/workday-technical-account-manager-at-workday-3784068697,Workday Technical Account Manager,Workday,San Francisco Bay Area,non_us_or_metro
https://www.linkedin.com/jobs/view/sap-project-manager-contract-at-kelvion-holding-gmbh-3794017971,SAP Project Manager (Contract),Kelvion Holding GmbH,Knoxville Metropolitan Area,non_us_or_metro
https://www.linkedin.com/jobs/view/project-manager-at-goldstone-partners-inc-3796573539,Project Manager,"Goldstone Partners, Inc.",Greater St. Louis,non_us_or_metro
https://www.linkedin.com/jobs/view/business-analyst-at-pyrovio-3665602139,Business Analyst,Pyrovio,United States,us_no_state
https://www.linkedin.com/jobs/view/human-resources-business-partner-at-mccarthy-building-companies-inc-3800595549,Human Resources Business Partner,"McCarthy Building Companies, Inc.",Atlanta Metropolitan Area,non_us_or_metro
https://www.linkedin.com/jobs/view/senior-data-manager-at-bp-3734154219,Senior data manager,bp,Greater Houston,non_us_or_metro
https://www.linkedin.com/jobs/view/farb-manager-at-old-national-bank-3727960468,FARB Manager,Old National Bank,Greater Indianapolis,non_us_or_metro
https://www.linkedin.com/jobs/view/consumer-compliance-monitoring-and-testing-group-vice-president-at-hamlyn-williams-3796706812,Consumer Compliance Monitoring and Testing Group Vice President,Hamlyn Williams,New York City Metropolitan Area,non_us_or_metro
https://www.linkedin.com/jobs/view/max-s-business-analyst-at-lever-middleware-test-company-2-3787332969,Max's Business Analyst,Lever Middleware Test Company 2,San Francisco Bay Area,non_us_or_metro
https://www.linkedin.com/jobs/view/business-analyst-at-musc-health-3767193220,Business Analyst,MUSC Health,"Charleston, South Carolina Metropolitan Area",non_us_or_metro
https://www.linkedin.com/jobs/view/salesforce-lwc-technical-lead-at-dice-3805516777,Salesforce LWC Technical Lead,Dice,United States,us_no_state
https://www.linkedin.com/jobs/view/senior-business-analyst-at-ultimate-staffing-3800522264,Senior Business Analyst,Ultimate Staffing,Los Angeles Metropolitan Area,non_us_or_metro
https://www.linkedin.com/jobs/view/business-analyst-at-alerus-3798854046,Business Analyst,Alerus,Greater Minneapolis-St. Paul Area,non_us_or_metro
https://www.linkedin.com/jobs/view/business-analyst-at-cohen-company-3789480087,Business Analyst,Cohen & Company,Greater Cleveland,non_us_or_metro
https://www.linkedin.com/jobs/view/senior-business-analyst-at-mtx-group-3784041415,Senior Business Analyst,MTX Group,"Albany, New York Metropolitan Area",non_us_or_metro
https://www.linkedin.com/jobs/view/it-business-analyst-supply-chain-at-advanced-drainage-systems-inc-3798808471,IT Business Analyst- Supply Chain,"Advanced Drainage Systems, Inc.","Columbus, Ohio Metropolitan Area",non_us_or_metro
https://www.linkedin.com/jobs/view/it-business-analyst-at-world-finance-3779865721,IT Business Analyst,World Finance,"Greenville-Spartanburg-Anderson, South Carolina Area",non_us_or_metro
https://www.linkedin.com/jobs/view/it-project-manager-with-banking-exp-remote-at-dice-3805943907,IT Project Manager with Banking exp-Remote,Dice,United States,us_no_state
https://www.linkedin.com/jobs/view/business-systems-sr-analyst-at-zimmer-biomet-3761819300,Business Systems Sr Analyst,Zimmer Biomet,Greater Indianapolis,non_us_or_metro
https://mx.linkedin.com/jobs/view/business-analyst-pmo-at-vervent-3764340424,"Business Analyst, PMO",Vervent,"Tijuana, Baja California, Mexico",non_us_or_metro
https://www.linkedin.com/jobs/view/project-manager-at-lhh-3756038490,Project Manager,LHH,Greater Indianapolis,non_us_or_metro
https://www.linkedin.com/jobs/view/technical-project-manager-at-fiserv-3801105437,Technical Project Manager,Fiserv,"Lincoln, Nebraska Metropolitan Area",non_us_or_metro
https://www.linkedin.com/jobs/view/information-technology-business-consultant-at-ssm-health-3772401384,Information Technology Business Consultant,SSM Health,Greater Madison Area,non_us_or_metro
https://ca.linkedin.com/jobs/view/senior-engineering-manager-at-geocomply-3707159557,Senior Engineering Manager,GeoComply,"Vancouver, British Columbia, Canada",non_us_or_metro
https://www.linkedin.com/jobs/view/senior-technical-program-delivery-manager-at-inrhythm-3803013629,Senior Technical Program / Delivery Manager,InRhythm,New York City Metropolitan Area,non_us_or_metro
https://www.linkedin.com/jobs/view/junior-business-systems-analyst-at-perry-ellis-international-3732612717,Junior Business Systems Analyst,Perry Ellis International,Miami-Fort Lauderdale Area,non_us_or_metro
https://www.linkedin.com/jobs/view/ehs-manager-at-systems-llc-poweramp-dlm-3800523231,EHS Manager,"Systems, LLC - Poweramp | DLM",Greater Milwaukee,non_us_or_metro
https://ca.linkedin.com/jobs/view/isl-27r-project-manager-team-lead-business-analyst-bc-public-service-at-bcjobs-3800983361,ISL 27R - Project Manager/Team Lead Business Analyst (BC Public Service),BCJobs,"Vancouver, British Columbia, Canada",non_us_or_metro
https://www.linkedin.com/jobs/view/wholesale-sales-manager-men-s-at-brunello-cucinelli-3767033564,Wholesale Sales Manager (Men's),Brunello Cucinelli,New York City Metropolitan Area,non_us_or_metro
https://www.linkedin.com/jobs/view/assistant-manager-operations-at-world-market-3556976944,Assistant Manager: Operations,World Market,Greater Wilmington Area,non_us_or_metro
https://www.linkedin.com/jobs/view/sr-it-project-manager-oracle-cloud-at-onset-technologies-llc-3762526350,Sr IT Project Manager - Oracle Cloud,Onset Technologies LLC,United States,us_no_state
https://www.linkedin.com/jobs/view/financial-advisor-development-program-at-northwestern-mutual-virginia-beach-3773759736,Financial Advisor Development Program,Northwestern Mutual-Virginia Beach,"Hampton Roads, Virginia Metropolitan Area",non_us_or_metro
https://ca.linkedin.com/jobs/view/analyst-business-systems-at-fraser-health-authority-3789758552,"Analyst, Business Systems",Fraser Health Authority,"Surrey, British Columbia, Canada",non_us_or_metro
https://www.linkedin.com/jobs/view/internal-audit-manager-at-robert-half-3796736695,Internal Audit Manager,Robert Half,Baton Rouge Metropolitan Area,non_us_or_metro
https://mx.linkedin.com/jobs/view/gerencia-cuenta-clave-walmart-at-nestl%C3%A9-3798593476,Gerencia Cuenta Clave Walmart,Nestlé,"Miguel Hidalgo, Mexico City, Mexico",non_us_or_metro
https://www.linkedin.com/jobs/view/business-analyst-software-asset-management-%231996-at-genius-road-3777994265,Business Analyst - Software Asset Management #1996,Genius Road,Brownsville Metropolitan Area,non_us_or_metro
https://www.linkedin.com/jobs/view/it-sr-business-tech-solutions-analyst-at-dice-3805946480,IT- Sr. Business Tech Solutions Analyst,Dice,United States,us_no_state
https://tr.linkedin.com/jobs/view/denizyat%C4%B1r%C4%B1m-m%C3%BCfetti%C5%9F-at-denizbank-3791622113,Denizyatırım / Müfettiş,DenizBank,"Istanbul, Turkey",non_us_or_metro
https://www.linkedin.com/jobs/view/servicenow-lead-at-rocky-mountain-bank-a-division-of-htlf-bank-3804396844,ServiceNow Lead,"Rocky Mountain Bank, a division of HTLF Bank","Rochester-Austin, Minnesota Area",non_us_or_metro
https://www.linkedin.com/jobs/view/data-analyst-at-illinois-state-board-of-education-3803158623,Data Analyst,Illinois State Board of Education,"Springfield, Illinois Metropolitan Area",non_us_or_metro
https://www.linkedin.com/jobs/view/accounting-manager-bilingual-in-mandarin-at-bodor-laser-3805544921,Accounting Manager (Bilingual in Mandarin),Bodor Laser,Greater Chicago Area,non_us_or_metro
https://www.linkedin.com/jobs/view/business-analyst-%E2%80%93-technical-support-resource-smart-stream-tlm-at-ehub-global-inc-3789504087,Business Analyst – Technical Support Resource Smart stream TLM,Ehub Global Inc,New York City Metropolitan Area,non_us_or_metro
https://www.linkedin.com/jobs/view/director-of-product-marketing-at-staffing-matches-3802188753,Director of Product Marketing,Staffing Matches,San Francisco Bay Area,non_us_or_metro
https://ca.linkedin.com/jobs/view/implementation-consultant-remote-ontario-at-gatekeeper-3799964552,Implementation Consultant | REMOTE (ONTARIO),Gatekeeper,"Vancouver, British Columbia, Canada",non_us_or_metro
https://www.linkedin.com/jobs/view/senior-business-system-analyst-at-intelliswift-software-3756028610,Senior Business System Analyst,Intelliswift Software,San Francisco Bay Area,non_us_or_metro
https://www.linkedin.com/jobs/view/senior-financial-analyst-at-elwyn-3799075676,Senior Financial Analyst,Elwyn,Erie-Meadville Area,non_us_or_metro
https://www.linkedin.com/jobs/view/senior-business-analyst-at-perennial-resources-international-3780149234,Senior Business Analyst,Perennial Resources International,New York City Metropolitan Area,non_us_or_metro
https://www.linkedin.com/jobs/view/epic-revenue-cycle-project-manager-at-dice-3805946456,Epic Revenue Cycle project manager,Dice,United States,us_no_state
https://www.linkedin.com/jobs/view/product-owner-at-the-waldinger-corporation-3647102534,Product Owner,The Waldinger Corporation,Des Moines Metropolitan Area,non_us_or_metro
https://www.linkedin.com/jobs/view/application-analyst-iii-information-solutions-business-applications-rev-cycle-hb-at-musc-health-3779278093,Application Analyst III - Information Solutions/Business Applications (Rev Cycle/HB),MUSC Health,"Charleston, South Carolina Metropolitan Area",non_us_or_metro
https://www.linkedin.com/jobs/view/solution-architect-at-dice-3804441242,Solution Architect,Dice,United States,us_no_state
https://www.linkedin.com/jobs/view/requirements-manager-at-aevex-aerospace-3742229337,Requirements Manager,AEVEX Aerospace,Bellingham Metropolitan Area,non_us_or_metro
https://www.linkedin.com/jobs/view/business-systems-analyst-at-lhh-3778913991,Business Systems Analyst,LHH,"Austin, Texas Metropolitan Area",non_us_or_metro
https://www.linkedin.com/jobs/view/wms-systems-development-manager-at-mclane-company-inc-3790917508,WMS Systems Development Manager,"McLane Company, Inc.",Killeen-Temple Area,non_us_or_metro
https://www.linkedin.com/jobs/view/accounting-manager-at-sage-search-partners-3800504662,Accounting Manager,Sage Search Partners,Dallas-Fort Worth Metroplex,non_us_or_metro
https://www.linkedin.com/jobs/view/senior-information-systems-business-analyst-information-solutions-at-musc-health-3789069503,Senior Information Systems/Business Analyst - Information Solutions,MUSC Health,"Charleston, South Carolina Metropolitan Area",non_us_or_metro
https://www.linkedin.com/jobs/view/%E9%97%A8%E5%BA%97%E5%89%AF%E7%BB%8F%E7%90%86-%E9%97%A8%E5%BA%97%E7%BB%8F%E7%90%86%E2%80%94%E6%B7%B1%E5%9C%B3%E6%B5%B7%E5%B2%B8%E5%9F%8E%E5%BA%97-at-godiva-chocolatier-3805089091,门店副经理/门店经理—深圳海岸城店,Godiva Chocolatier,Greater Savannah Area,non_us_or_metro
https://ca.linkedin.com/jobs/view/senior-business-analyst-maximo-at-vancouver-airport-authority-3801036155,Senior Business Analyst (Maximo),Vancouver Airport Authority,"Vancouver, British Columbia, Canada",non_us_or_metro
https://www.linkedin.com/jobs/view/business-analyst-at-firstpro-inc-3802976574,Business Analyst,"firstPRO, Inc",Greater Boston,non_us_or_metro
https://www.linkedin.com/jobs/view/servicenow-lead-at-premier-valley-bank-a-division-of-htlf-bank-3805552150,ServiceNow Lead,"Premier Valley Bank, a division of HTLF Bank",Pueblo-Cañon City Area,non_us_or_metro
